Reading,Word,Category
あんだーぐらうんど,M∀LICE IN UNDERGROUND,短縮よみ
いんあんだーぐらうんど,M∀LICE IN UNDERGROUND,短縮よみ
くりぷたー,M∀LICE＜Q＞HEARTS OF CRYPTER,短縮よみ
くるったおちゃかい,M∀LICE＜C＞MTP－07,サジェストのみ
ちぇしゃきゃっと,Cheshire Cat
ちぇしゃきゃっと,M∀LICE＜P＞Cheshire Cat,短縮よみ
たるとどろぼう,M∀LICE＜C＞TB－11,サジェストのみ
どーまうす,Dormouse
どーまうす,M∀LICE＜P＞Dormouse,短縮よみ
ねこのないわらい,M∀LICE＜C＞GWC－06,サジェストのみ
はーつおぶくりぷたー,HEARTS OF CRYPTER
はーつおぶくりぷたー,M∀LICE＜Q＞HEARTS OF CRYPTER,短縮よみ
ほわいとらびっと,White Rabbit
ほわいとらびっと,M∀LICE＜P＞White Rabbit,短縮よみ
まりす,M∀LICE
まりすいんあんだーぐらうんど,M∀LICE IN UNDERGROUND
まりすくいーん,M∀LICE＜Q＞
まりすくいーんはーつおぶくりぷたー,M∀LICE＜Q＞HEARTS OF CRYPTER
まりすくいーんれっどらんさむ,M∀LICE＜Q＞RED RANSOM
まりすこーど,M∀LICE＜C＞
まりすこーどgwc06,M∀LICE＜C＞GWC－06
まりすこーどmtp07,M∀LICE＜C＞MTP－07
まりすこーどtb11,M∀LICE＜C＞TB－11
まりすぽーん,M∀LICE＜P＞
まりすぽーんちぇしゃきゃっと,M∀LICE＜P＞Cheshire Cat
まりすぽーんどーまうす,M∀LICE＜P＞Dormouse
まりすぽーんほわいとらびっと,M∀LICE＜P＞White Rabbit
れっどらんさむ,RED RANSOM
れっどらんさむ,M∀LICE＜Q＞RED RANSOM,短縮よみ
